날짜,품목,단위,평균가격
2023-01-01,배추,kg,2939
2023-01-02,배추,kg,3037
2023-01-03,배추,kg,3062
2023-01-04,배추,kg,2931
2023-01-05,배추,kg,3048
2023-01-06,배추,kg,3040
2023-01-07,배추,kg,3152
2023-01-08,배추,kg,3038
2023-01-09,배추,kg,3047
2023-01-10,배추,kg,2982
2023-01-11,배추,kg,2889
2023-01-12,배추,kg,2998
2023-01-13,배추,kg,2982
2023-01-14,배추,kg,2919
2023-01-15,배추,kg,3007
2023-01-16,배추,kg,2970
2023-01-17,배추,kg,3117
2023-01-18,배추,kg,3233
2023-01-19,배추,kg,3378
2023-01-20,배추,kg,3222
2023-01-21,배추,kg,3374
2023-01-22,배추,kg,3222
2023-01-23,배추,kg,3164
2023-01-24,배추,kg,3121
2023-01-25,배추,kg,3007
2023-01-26,배추,kg,2933
2023-01-27,배추,kg,2994
2023-01-28,배추,kg,2972
2023-01-29,배추,kg,2903
2023-01-30,배추,kg,3034
2023-01-31,배추,kg,2972
2023-02-01,배추,kg,3070
2023-02-02,배추,kg,2979
2023-02-03,배추,kg,2911
2023-02-04,배추,kg,2934
2023-02-05,배추,kg,2929
2023-02-06,배추,kg,2793
2023-02-07,배추,kg,2717
2023-02-08,배추,kg,2663
2023-02-09,배추,kg,2709
2023-02-10,배추,kg,2575
2023-02-11,배추,kg,2531
2023-02-12,배추,kg,2438
2023-02-13,배추,kg,2374
2023-02-14,배추,kg,2417
2023-02-15,배추,kg,2336
2023-02-16,배추,kg,2276
2023-02-17,배추,kg,2260
2023-02-18,배추,kg,2270
2023-02-19,배추,kg,2231
2023-02-20,배추,kg,2230
2023-02-21,배추,kg,2239
2023-02-22,배추,kg,2142
2023-02-23,배추,kg,2191
2023-02-24,배추,kg,2153
2023-02-25,배추,kg,2122
2023-02-26,배추,kg,2103
2023-02-27,배추,kg,2113
2023-02-28,배추,kg,2097
2023-03-01,배추,kg,2182
2023-03-02,배추,kg,2276
2023-03-03,배추,kg,2251
2023-03-04,배추,kg,2290
2023-03-05,배추,kg,2211
2023-03-06,배추,kg,2235
2023-03-07,배추,kg,2163
2023-03-08,배추,kg,2124
2023-03-09,배추,kg,2180
2023-03-10,배추,kg,2133
2023-03-11,배추,kg,2128
2023-03-12,배추,kg,2219
2023-03-13,배추,kg,2138
2023-03-14,배추,kg,2097
2023-03-15,배추,kg,2155
2023-03-16,배추,kg,2095
2023-03-17,배추,kg,2063
2023-03-18,배추,kg,2159
2023-03-19,배추,kg,2254
2023-03-20,배추,kg,2156
2023-03-21,배추,kg,2183
2023-03-22,배추,kg,2235
2023-03-23,배추,kg,2330
2023-03-24,배추,kg,2369
2023-03-25,배추,kg,2268
2023-03-26,배추,kg,2174
2023-03-27,배추,kg,2240
2023-03-28,배추,kg,2148
2023-03-29,배추,kg,2089
2023-03-30,배추,kg,2172
2023-03-31,배추,kg,2250
2023-04-01,배추,kg,2207
2023-04-02,배추,kg,2241
2023-04-03,배추,kg,2216
2023-04-04,배추,kg,2259
2023-04-05,배추,kg,2323
2023-04-06,배추,kg,2394
2023-04-07,배추,kg,2450
2023-04-08,배추,kg,2557
2023-04-09,배추,kg,2680
2023-04-10,배추,kg,2664
2023-04-11,배추,kg,2725
2023-04-12,배추,kg,2849
2023-04-13,배추,kg,2820
2023-04-14,배추,kg,2959
2023-04-15,배추,kg,3073
2023-04-16,배추,kg,3114
2023-04-17,배추,kg,3108
2023-04-18,배추,kg,3242
2023-04-19,배추,kg,3231
2023-04-20,배추,kg,3115
2023-04-21,배추,kg,3010
2023-04-22,배추,kg,3031
2023-04-23,배추,kg,3127
2023-04-24,배추,kg,3187
2023-04-25,배추,kg,3191
2023-04-26,배추,kg,3272
2023-04-27,배추,kg,3184
2023-04-28,배추,kg,3332
2023-04-29,배추,kg,3359
2023-04-30,배추,kg,3359
2023-05-01,배추,kg,3447
2023-05-02,배추,kg,3282
2023-05-03,배추,kg,3251
2023-05-04,배추,kg,3199
2023-05-05,배추,kg,3304
2023-05-06,배추,kg,3183
2023-05-07,배추,kg,3155
2023-05-08,배추,kg,3172
2023-05-09,배추,kg,3156
2023-05-10,배추,kg,3067
2023-05-11,배추,kg,2943
2023-05-12,배추,kg,2886
2023-05-13,배추,kg,2838
2023-05-14,배추,kg,2727
2023-05-15,배추,kg,2673
2023-05-16,배추,kg,2764
2023-05-17,배추,kg,2639
2023-05-18,배추,kg,2552
2023-05-19,배추,kg,2620
2023-05-20,배추,kg,2620
2023-05-21,배추,kg,2656
2023-05-22,배추,kg,2536
2023-05-23,배추,kg,2420
2023-05-24,배추,kg,2523
2023-05-25,배추,kg,2533
2023-05-26,배추,kg,2607
2023-05-27,배추,kg,2710
2023-05-28,배추,kg,2679
2023-05-29,배추,kg,2806
2023-05-30,배추,kg,2668
2023-05-31,배추,kg,2765
2023-06-01,배추,kg,2784
2023-06-02,배추,kg,2848
2023-06-03,배추,kg,2718
2023-06-04,배추,kg,2682
2023-06-05,배추,kg,2768
2023-06-06,배추,kg,2865
2023-06-07,배추,kg,2859
2023-06-08,배추,kg,2802
2023-06-09,배추,kg,2856
2023-06-10,배추,kg,2909
2023-06-11,배추,kg,3051
2023-06-12,배추,kg,2937
2023-06-13,배추,kg,3029
2023-06-14,배추,kg,3009
2023-06-15,배추,kg,3043
2023-06-16,배추,kg,2996
2023-06-17,배추,kg,3108
2023-06-18,배추,kg,3216
2023-06-19,배추,kg,3149
2023-06-20,배추,kg,3243
2023-06-21,배추,kg,3297
2023-06-22,배추,kg,3387
2023-06-23,배추,kg,3253
2023-06-24,배추,kg,3236
2023-06-25,배추,kg,3208
2023-06-26,배추,kg,3198
2023-06-27,배추,kg,3137
2023-06-28,배추,kg,3014
2023-06-29,배추,kg,2974
2023-06-30,배추,kg,2984
2023-07-01,배추,kg,2987
2023-07-02,배추,kg,3076
2023-07-03,배추,kg,2994
2023-07-04,배추,kg,3037
2023-07-05,배추,kg,3093
2023-07-06,배추,kg,3221
2023-07-07,배추,kg,3206
2023-07-08,배추,kg,3225
2023-07-09,배추,kg,3333
2023-07-10,배추,kg,3248
2023-07-11,배추,kg,3186
2023-07-12,배추,kg,3121
2023-07-13,배추,kg,3181
2023-07-14,배추,kg,3316
2023-07-15,배추,kg,3340
2023-07-16,배추,kg,3261
2023-07-17,배추,kg,3212
2023-07-18,배추,kg,3280
2023-07-19,배추,kg,3229
2023-07-20,배추,kg,3169
2023-07-21,배추,kg,3297
2023-07-22,배추,kg,3380
2023-07-23,배추,kg,3237
2023-07-24,배추,kg,3243
2023-07-25,배추,kg,3213
2023-07-26,배추,kg,3066
2023-07-27,배추,kg,2934
2023-07-28,배추,kg,3072
2023-07-29,배추,kg,3045
2023-07-30,배추,kg,2894
2023-07-31,배추,kg,2851
2023-08-01,배추,kg,2718
2023-08-02,배추,kg,2701
2023-08-03,배추,kg,2767
2023-08-04,배추,kg,2757
2023-08-05,배추,kg,2754
2023-08-06,배추,kg,2621
2023-08-07,배추,kg,2674
2023-08-08,배추,kg,2661
2023-08-09,배추,kg,2699
2023-08-10,배추,kg,2792
2023-08-11,배추,kg,2676
2023-08-12,배추,kg,2677
2023-08-13,배추,kg,2598
2023-08-14,배추,kg,2557
2023-08-15,배추,kg,2540
2023-08-16,배추,kg,2428
2023-08-17,배추,kg,2419
2023-08-18,배추,kg,2324
2023-08-19,배추,kg,2361
2023-08-20,배추,kg,2259
2023-08-21,배추,kg,2317
2023-08-22,배추,kg,2287
2023-08-23,배추,kg,2367
2023-08-24,배추,kg,2412
2023-08-25,배추,kg,2346
2023-08-26,배추,kg,2455
2023-08-27,배추,kg,2524
2023-08-28,배추,kg,2552
2023-08-29,배추,kg,2537
2023-08-30,배추,kg,2550
2023-08-31,배추,kg,2599
2023-09-01,배추,kg,2655
2023-09-02,배추,kg,2615
2023-09-03,배추,kg,2646
2023-09-04,배추,kg,2755
2023-09-05,배추,kg,2886
2023-09-06,배추,kg,2923
2023-09-07,배추,kg,2947
2023-09-08,배추,kg,2816
2023-09-09,배추,kg,2739
2023-09-10,배추,kg,2845
2023-09-11,배추,kg,2842
2023-09-12,배추,kg,2745
2023-09-13,배추,kg,2759
2023-09-14,배추,kg,2744
2023-09-15,배추,kg,2667
2023-09-16,배추,kg,2638
2023-09-17,배추,kg,2598
2023-09-18,배추,kg,2484
2023-09-19,배추,kg,2603
2023-09-20,배추,kg,2705
2023-09-21,배추,kg,2667
2023-09-22,배추,kg,2633
2023-09-23,배추,kg,2616
2023-09-24,배추,kg,2498
2023-09-25,배추,kg,2502
2023-09-26,배추,kg,2474
2023-09-27,배추,kg,2543
2023-09-28,배추,kg,2485
2023-09-29,배추,kg,2596
2023-09-30,배추,kg,2625
2023-10-01,배추,kg,2727
2023-10-02,배추,kg,2905
2023-10-03,배추,kg,3050
2023-10-04,배추,kg,3198
2023-10-05,배추,kg,3382
2023-10-06,배추,kg,3467
2023-10-07,배추,kg,3587
2023-10-08,배추,kg,3710
2023-10-09,배추,kg,3819
2023-10-10,배추,kg,4033
2023-10-11,배추,kg,4119
2023-10-12,배추,kg,4068
2023-10-13,배추,kg,4113
2023-10-14,배추,kg,4319
2023-10-15,배추,kg,4464
2023-10-16,배추,kg,4711
2023-10-17,배추,kg,4782
2023-10-18,배추,kg,4836
2023-10-19,배추,kg,5014
2023-10-20,배추,kg,5084
2023-10-21,배추,kg,5197
2023-10-22,배추,kg,5323
2023-10-23,배추,kg,5330
2023-10-24,배추,kg,5396
2023-10-25,배추,kg,5463
2023-10-26,배추,kg,5764
2023-10-27,배추,kg,5986
2023-10-28,배추,kg,6238
2023-10-29,배추,kg,6599
2023-10-30,배추,kg,6647
2023-10-31,배추,kg,6706
2023-11-01,배추,kg,6681
2023-11-02,배추,kg,6928
2023-11-03,배추,kg,6935
2023-11-04,배추,kg,6927
2023-11-05,배추,kg,7431
2023-11-06,배추,kg,7558
2023-11-07,배추,kg,8026
2023-11-08,배추,kg,8275
2023-11-09,배추,kg,8409
2023-11-10,배추,kg,8305
2023-11-11,배추,kg,8831
2023-11-12,배추,kg,9221
2023-11-13,배추,kg,9788
2023-11-14,배추,kg,9622
2023-11-15,배추,kg,9708
2023-11-16,배추,kg,10185
2023-11-17,배추,kg,10848
2023-11-18,배추,kg,10686
2023-11-19,배추,kg,10799
2023-11-20,배추,kg,11348
2023-11-21,배추,kg,12149
2023-11-22,배추,kg,12618
2023-11-23,배추,kg,13591
2023-11-24,배추,kg,13867
2023-11-25,배추,kg,13819
2023-11-26,배추,kg,14168
2023-11-27,배추,kg,14425
2023-11-28,배추,kg,15062
2023-11-29,배추,kg,15671
2023-11-30,배추,kg,16739
2023-12-01,배추,kg,16177
2023-12-02,배추,kg,16815
2023-12-03,배추,kg,16849
2023-12-04,배추,kg,17504
2023-12-05,배추,kg,16871
2023-12-06,배추,kg,16579
2023-12-07,배추,kg,16692
2023-12-08,배추,kg,16224
2023-12-09,배추,kg,16969
2023-12-10,배추,kg,17634
2023-12-11,배추,kg,18465
2023-12-12,배추,kg,18299
2023-12-13,배추,kg,17797
2023-12-14,배추,kg,18620
2023-12-15,배추,kg,19244
2023-12-16,배추,kg,19669
2023-12-17,배추,kg,18719
2023-12-18,배추,kg,19534
2023-12-19,배추,kg,18970
2023-12-20,배추,kg,19020
2023-12-21,배추,kg,18616
2023-12-22,배추,kg,17840
2023-12-23,배추,kg,17655
2023-12-24,배추,kg,17570
2023-12-25,배추,kg,18359
2023-12-26,배추,kg,18578
2023-12-27,배추,kg,18031
2023-12-28,배추,kg,18574
2023-12-29,배추,kg,19318
2023-12-30,배추,kg,18659
2023-12-31,배추,kg,18660
2023-01-01,사과,kg,8155
2023-01-02,사과,kg,8561
2023-01-03,사과,kg,8487
2023-01-04,사과,kg,8112
2023-01-05,사과,kg,8073
2023-01-06,사과,kg,8014
2023-01-07,사과,kg,7704
2023-01-08,사과,kg,8054
2023-01-09,사과,kg,7653
2023-01-10,사과,kg,7929
2023-01-11,사과,kg,8122
2023-01-12,사과,kg,7766
2023-01-13,사과,kg,7443
2023-01-14,사과,kg,7511
2023-01-15,사과,kg,7820
2023-01-16,사과,kg,7940
2023-01-17,사과,kg,8097
2023-01-18,사과,kg,7760
2023-01-19,사과,kg,7456
2023-01-20,사과,kg,7683
2023-01-21,사과,kg,7564
2023-01-22,사과,kg,7688
2023-01-23,사과,kg,8058
2023-01-24,사과,kg,8029
2023-01-25,사과,kg,7841
2023-01-26,사과,kg,7886
2023-01-27,사과,kg,8268
2023-01-28,사과,kg,8139
2023-01-29,사과,kg,7845
2023-01-30,사과,kg,7528
2023-01-31,사과,kg,7454
2023-02-01,사과,kg,7597
2023-02-02,사과,kg,7893
2023-02-03,사과,kg,8071
2023-02-04,사과,kg,8000
2023-02-05,사과,kg,8249
2023-02-06,사과,kg,8575
2023-02-07,사과,kg,8605
2023-02-08,사과,kg,8378
2023-02-09,사과,kg,8612
2023-02-10,사과,kg,8586
2023-02-11,사과,kg,8633
2023-02-12,사과,kg,8356
2023-02-13,사과,kg,8588
2023-02-14,사과,kg,8190
2023-02-15,사과,kg,8003
2023-02-16,사과,kg,7990
2023-02-17,사과,kg,8059
2023-02-18,사과,kg,8365
2023-02-19,사과,kg,8679
2023-02-20,사과,kg,8793
2023-02-21,사과,kg,8672
2023-02-22,사과,kg,8839
2023-02-23,사과,kg,8785
2023-02-24,사과,kg,8697
2023-02-25,사과,kg,8543
2023-02-26,사과,kg,8158
2023-02-27,사과,kg,8316
2023-02-28,사과,kg,8145
2023-03-01,사과,kg,7850
2023-03-02,사과,kg,8051
2023-03-03,사과,kg,8236
2023-03-04,사과,kg,8422
2023-03-05,사과,kg,8381
2023-03-06,사과,kg,8089
2023-03-07,사과,kg,8461
2023-03-08,사과,kg,8725
2023-03-09,사과,kg,8986
2023-03-10,사과,kg,8929
2023-03-11,사과,kg,8789
2023-03-12,사과,kg,8445
2023-03-13,사과,kg,8371
2023-03-14,사과,kg,8441
2023-03-15,사과,kg,8502
2023-03-16,사과,kg,8706
2023-03-17,사과,kg,8300
2023-03-18,사과,kg,8031
2023-03-19,사과,kg,7745
2023-03-20,사과,kg,7706
2023-03-21,사과,kg,7657
2023-03-22,사과,kg,7288
2023-03-23,사과,kg,7189
2023-03-24,사과,kg,7344
2023-03-25,사과,kg,7307
2023-03-26,사과,kg,7458
2023-03-27,사과,kg,7433
2023-03-28,사과,kg,7176
2023-03-29,사과,kg,7219
2023-03-30,사과,kg,7359
2023-03-31,사과,kg,7154
2023-04-01,사과,kg,7099
2023-04-02,사과,kg,7396
2023-04-03,사과,kg,7758
2023-04-04,사과,kg,7580
2023-04-05,사과,kg,7834
2023-04-06,사과,kg,7695
2023-04-07,사과,kg,7638
2023-04-08,사과,kg,7435
2023-04-09,사과,kg,7465
2023-04-10,사과,kg,7201
2023-04-11,사과,kg,7255
2023-04-12,사과,kg,6900
2023-04-13,사과,kg,6686
2023-04-14,사과,kg,6814
2023-04-15,사과,kg,6949
2023-04-16,사과,kg,7086
2023-04-17,사과,kg,6872
2023-04-18,사과,kg,6911
2023-04-19,사과,kg,6807
2023-04-20,사과,kg,6567
2023-04-21,사과,kg,6256
2023-04-22,사과,kg,6374
2023-04-23,사과,kg,6374
2023-04-24,사과,kg,6318
2023-04-25,사과,kg,6228
2023-04-26,사과,kg,6233
2023-04-27,사과,kg,6269
2023-04-28,사과,kg,6475
2023-04-29,사과,kg,6649
2023-04-30,사과,kg,6926
2023-05-01,사과,kg,6856
2023-05-02,사과,kg,6861
2023-05-03,사과,kg,7118
2023-05-04,사과,kg,7347
2023-05-05,사과,kg,7325
2023-05-06,사과,kg,7688
2023-05-07,사과,kg,7796
2023-05-08,사과,kg,7748
2023-05-09,사과,kg,8033
2023-05-10,사과,kg,8115
2023-05-11,사과,kg,8447
2023-05-12,사과,kg,8554
2023-05-13,사과,kg,8477
2023-05-14,사과,kg,8821
2023-05-15,사과,kg,8823
2023-05-16,사과,kg,8807
2023-05-17,사과,kg,8836
2023-05-18,사과,kg,9240
2023-05-19,사과,kg,9209
2023-05-20,사과,kg,8910
2023-05-21,사과,kg,9055
2023-05-22,사과,kg,8932
2023-05-23,사과,kg,8778
2023-05-24,사과,kg,8450
2023-05-25,사과,kg,8341
2023-05-26,사과,kg,8081
2023-05-27,사과,kg,8090
2023-05-28,사과,kg,7868
2023-05-29,사과,kg,7546
2023-05-30,사과,kg,7863
2023-05-31,사과,kg,8196
2023-06-01,사과,kg,7960
2023-06-02,사과,kg,8038
2023-06-03,사과,kg,8321
2023-06-04,사과,kg,8266
2023-06-05,사과,kg,8009
2023-06-06,사과,kg,8228
2023-06-07,사과,kg,8432
2023-06-08,사과,kg,8575
2023-06-09,사과,kg,8491
2023-06-10,사과,kg,8736
2023-06-11,사과,kg,8919
2023-06-12,사과,kg,9174
2023-06-13,사과,kg,8897
2023-06-14,사과,kg,8669
2023-06-15,사과,kg,8322
2023-06-16,사과,kg,8029
2023-06-17,사과,kg,7942
2023-06-18,사과,kg,8301
2023-06-19,사과,kg,8176
2023-06-20,사과,kg,8150
2023-06-21,사과,kg,7847
2023-06-22,사과,kg,7510
2023-06-23,사과,kg,7376
2023-06-24,사과,kg,7180
2023-06-25,사과,kg,7509
2023-06-26,사과,kg,7829
2023-06-27,사과,kg,7824
2023-06-28,사과,kg,7697
2023-06-29,사과,kg,7432
2023-06-30,사과,kg,7103
2023-07-01,사과,kg,6768
2023-07-02,사과,kg,7100
2023-07-03,사과,kg,6761
2023-07-04,사과,kg,6820
2023-07-05,사과,kg,7101
2023-07-06,사과,kg,6952
2023-07-07,사과,kg,7200
2023-07-08,사과,kg,7490
2023-07-09,사과,kg,7760
2023-07-10,사과,kg,7799
2023-07-11,사과,kg,7634
2023-07-12,사과,kg,7954
2023-07-13,사과,kg,7655
2023-07-14,사과,kg,7725
2023-07-15,사과,kg,7419
2023-07-16,사과,kg,7469
2023-07-17,사과,kg,7299
2023-07-18,사과,kg,7187
2023-07-19,사과,kg,7412
2023-07-20,사과,kg,7563
2023-07-21,사과,kg,7339
2023-07-22,사과,kg,7415
2023-07-23,사과,kg,7684
2023-07-24,사과,kg,7851
2023-07-25,사과,kg,7894
2023-07-26,사과,kg,8083
2023-07-27,사과,kg,8086
2023-07-28,사과,kg,8044
2023-07-29,사과,kg,8103
2023-07-30,사과,kg,8178
2023-07-31,사과,kg,7891
2023-08-01,사과,kg,7766
2023-08-02,사과,kg,7875
2023-08-03,사과,kg,8026
2023-08-04,사과,kg,7731
2023-08-05,사과,kg,7576
2023-08-06,사과,kg,7425
2023-08-07,사과,kg,7388
2023-08-08,사과,kg,7729
2023-08-09,사과,kg,7584
2023-08-10,사과,kg,7416
2023-08-11,사과,kg,7768
2023-08-12,사과,kg,7802
2023-08-13,사과,kg,7557
2023-08-14,사과,kg,7636
2023-08-15,사과,kg,7900
2023-08-16,사과,kg,7860
2023-08-17,사과,kg,8171
2023-08-18,사과,kg,8495
2023-08-19,사과,kg,8512
2023-08-20,사과,kg,8304
2023-08-21,사과,kg,8078
2023-08-22,사과,kg,8245
2023-08-23,사과,kg,8544
2023-08-24,사과,kg,8218
2023-08-25,사과,kg,8559
2023-08-26,사과,kg,8732
2023-08-27,사과,kg,8920
2023-08-28,사과,kg,8535
2023-08-29,사과,kg,8625
2023-08-30,사과,kg,8972
2023-08-31,사과,kg,8834
2023-09-01,사과,kg,9335
2023-09-02,사과,kg,9524
2023-09-03,사과,kg,9654
2023-09-04,사과,kg,9527
2023-09-05,사과,kg,10090
2023-09-06,사과,kg,10628
2023-09-07,사과,kg,10636
2023-09-08,사과,kg,10833
2023-09-09,사과,kg,11410
2023-09-10,사과,kg,11761
2023-09-11,사과,kg,12303
2023-09-12,사과,kg,12956
2023-09-13,사과,kg,13552
2023-09-14,사과,kg,14491
2023-09-15,사과,kg,15335
2023-09-16,사과,kg,15155
2023-09-17,사과,kg,15358
2023-09-18,사과,kg,15931
2023-09-19,사과,kg,16299
2023-09-20,사과,kg,16894
2023-09-21,사과,kg,16647
2023-09-22,사과,kg,17006
2023-09-23,사과,kg,17493
2023-09-24,사과,kg,18111
2023-09-25,사과,kg,17873
2023-09-26,사과,kg,18727
2023-09-27,사과,kg,19651
2023-09-28,사과,kg,19781
2023-09-29,사과,kg,20590
2023-09-30,사과,kg,20190
2023-10-01,사과,kg,21783
2023-10-02,사과,kg,22595
2023-10-03,사과,kg,23220
2023-10-04,사과,kg,23073
2023-10-05,사과,kg,24145
2023-10-06,사과,kg,23863
2023-10-07,사과,kg,25595
2023-10-08,사과,kg,25103
2023-10-09,사과,kg,24789
2023-10-10,사과,kg,26724
2023-10-11,사과,kg,27845
2023-10-12,사과,kg,29852
2023-10-13,사과,kg,30227
2023-10-14,사과,kg,32343
2023-10-15,사과,kg,34567
2023-10-16,사과,kg,35980
2023-10-17,사과,kg,36163
2023-10-18,사과,kg,35547
2023-10-19,사과,kg,36732
2023-10-20,사과,kg,37301
2023-10-21,사과,kg,37039
2023-10-22,사과,kg,36908
2023-10-23,사과,kg,38209
2023-10-24,사과,kg,39656
2023-10-25,사과,kg,40758
2023-10-26,사과,kg,40137
2023-10-27,사과,kg,40607
2023-10-28,사과,kg,39821
2023-10-29,사과,kg,41129
2023-10-30,사과,kg,43071
2023-10-31,사과,kg,44761
2023-11-01,사과,kg,45063
2023-11-02,사과,kg,44347
2023-11-03,사과,kg,43620
2023-11-04,사과,kg,42431
2023-11-05,사과,kg,40391
2023-11-06,사과,kg,40285
2023-11-07,사과,kg,38535
2023-11-08,사과,kg,39266
2023-11-09,사과,kg,40266
2023-11-10,사과,kg,41904
2023-11-11,사과,kg,43433
2023-11-12,사과,kg,45313
2023-11-13,사과,kg,45077
2023-11-14,사과,kg,47199
2023-11-15,사과,kg,48363
2023-11-16,사과,kg,46723
2023-11-17,사과,kg,44714
2023-11-18,사과,kg,45149
2023-11-19,사과,kg,45190
2023-11-20,사과,kg,43932
2023-11-21,사과,kg,42444
2023-11-22,사과,kg,41557
2023-11-23,사과,kg,40385
2023-11-24,사과,kg,38567
2023-11-25,사과,kg,38992
2023-11-26,사과,kg,37987
2023-11-27,사과,kg,38775
2023-11-28,사과,kg,38344
2023-11-29,사과,kg,38693
2023-11-30,사과,kg,38457
2023-12-01,사과,kg,37656
2023-12-02,사과,kg,37068
2023-12-03,사과,kg,37210
2023-12-04,사과,kg,36167
2023-12-05,사과,kg,37337
2023-12-06,사과,kg,38678
2023-12-07,사과,kg,39668
2023-12-08,사과,kg,40970
2023-12-09,사과,kg,42944
2023-12-10,사과,kg,42848
2023-12-11,사과,kg,40756
2023-12-12,사과,kg,40978
2023-12-13,사과,kg,40809
2023-12-14,사과,kg,40224
2023-12-15,사과,kg,40645
2023-12-16,사과,kg,41130
2023-12-17,사과,kg,41972
2023-12-18,사과,kg,40810
2023-12-19,사과,kg,40535
2023-12-20,사과,kg,40067
2023-12-21,사과,kg,38460
2023-12-22,사과,kg,37018
2023-12-23,사과,kg,37854
2023-12-24,사과,kg,36583
2023-12-25,사과,kg,36262
2023-12-26,사과,kg,36514
2023-12-27,사과,kg,38198
2023-12-28,사과,kg,37497
2023-12-29,사과,kg,35898
2023-12-30,사과,kg,34989
2023-12-31,사과,kg,35254
2023-01-01,돼지고기,kg,17337
2023-01-02,돼지고기,kg,16699
2023-01-03,돼지고기,kg,16373
2023-01-04,돼지고기,kg,15952
2023-01-05,돼지고기,kg,16636
2023-01-06,돼지고기,kg,16281
2023-01-07,돼지고기,kg,16139
2023-01-08,돼지고기,kg,15558
2023-01-09,돼지고기,kg,16194
2023-01-10,돼지고기,kg,15639
2023-01-11,돼지고기,kg,16036
2023-01-12,돼지고기,kg,16725
2023-01-13,돼지고기,kg,16076
2023-01-14,돼지고기,kg,16740
2023-01-15,돼지고기,kg,17105
2023-01-16,돼지고기,kg,16551
2023-01-17,돼지고기,kg,17016
2023-01-18,돼지고기,kg,16823
2023-01-19,돼지고기,kg,16123
2023-01-20,돼지고기,kg,15894
2023-01-21,돼지고기,kg,15179
2023-01-22,돼지고기,kg,15393
2023-01-23,돼지고기,kg,15037
2023-01-24,돼지고기,kg,14386
2023-01-25,돼지고기,kg,14632
2023-01-26,돼지고기,kg,15325
2023-01-27,돼지고기,kg,15429
2023-01-28,돼지고기,kg,15662
2023-01-29,돼지고기,kg,15573
2023-01-30,돼지고기,kg,15531
2023-01-31,돼지고기,kg,16011
2023-02-01,돼지고기,kg,16021
2023-02-02,돼지고기,kg,16068
2023-02-03,돼지고기,kg,15311
2023-02-04,돼지고기,kg,14570
2023-02-05,돼지고기,kg,15007
2023-02-06,돼지고기,kg,15707
2023-02-07,돼지고기,kg,15187
2023-02-08,돼지고기,kg,14679
2023-02-09,돼지고기,kg,14113
2023-02-10,돼지고기,kg,13663
2023-02-11,돼지고기,kg,13859
2023-02-12,돼지고기,kg,14531
2023-02-13,돼지고기,kg,15190
2023-02-14,돼지고기,kg,14717
2023-02-15,돼지고기,kg,14630
2023-02-16,돼지고기,kg,14682
2023-02-17,돼지고기,kg,14226
2023-02-18,돼지고기,kg,14555
2023-02-19,돼지고기,kg,15072
2023-02-20,돼지고기,kg,15020
2023-02-21,돼지고기,kg,14960
2023-02-22,돼지고기,kg,14357
2023-02-23,돼지고기,kg,14939
2023-02-24,돼지고기,kg,14585
2023-02-25,돼지고기,kg,14973
2023-02-26,돼지고기,kg,14339
2023-02-27,돼지고기,kg,13953
2023-02-28,돼지고기,kg,14113
2023-03-01,돼지고기,kg,13704
2023-03-02,돼지고기,kg,13964
2023-03-03,돼지고기,kg,14346
2023-03-04,돼지고기,kg,15034
2023-03-05,돼지고기,kg,15147
2023-03-06,돼지고기,kg,14743
2023-03-07,돼지고기,kg,14042
2023-03-08,돼지고기,kg,13649
2023-03-09,돼지고기,kg,13982
2023-03-10,돼지고기,kg,14616
2023-03-11,돼지고기,kg,14987
2023-03-12,돼지고기,kg,15648
2023-03-13,돼지고기,kg,15401
2023-03-14,돼지고기,kg,15600
2023-03-15,돼지고기,kg,15320
2023-03-16,돼지고기,kg,15260
2023-03-17,돼지고기,kg,14814
2023-03-18,돼지고기,kg,15248
2023-03-19,돼지고기,kg,15089
2023-03-20,돼지고기,kg,15143
2023-03-21,돼지고기,kg,14629
2023-03-22,돼지고기,kg,15275
2023-03-23,돼지고기,kg,15538
2023-03-24,돼지고기,kg,15942
2023-03-25,돼지고기,kg,15946
2023-03-26,돼지고기,kg,15915
2023-03-27,돼지고기,kg,16139
2023-03-28,돼지고기,kg,16870
2023-03-29,돼지고기,kg,17692
2023-03-30,돼지고기,kg,17748
2023-03-31,돼지고기,kg,17554
2023-04-01,돼지고기,kg,17406
2023-04-02,돼지고기,kg,17663
2023-04-03,돼지고기,kg,17237
2023-04-04,돼지고기,kg,17356
2023-04-05,돼지고기,kg,17387
2023-04-06,돼지고기,kg,17246
2023-04-07,돼지고기,kg,17808
2023-04-08,돼지고기,kg,18446
2023-04-09,돼지고기,kg,18618
2023-04-10,돼지고기,kg,18957
2023-04-11,돼지고기,kg,18289
2023-04-12,돼지고기,kg,18700
2023-04-13,돼지고기,kg,18171
2023-04-14,돼지고기,kg,18904
2023-04-15,돼지고기,kg,18677
2023-04-16,돼지고기,kg,18741
2023-04-17,돼지고기,kg,19592
2023-04-18,돼지고기,kg,19727
2023-04-19,돼지고기,kg,20665
2023-04-20,돼지고기,kg,21261
2023-04-21,돼지고기,kg,21405
2023-04-22,돼지고기,kg,22117
2023-04-23,돼지고기,kg,22268
2023-04-24,돼지고기,kg,23351
2023-04-25,돼지고기,kg,24270
2023-04-26,돼지고기,kg,24760
2023-04-27,돼지고기,kg,24659
2023-04-28,돼지고기,kg,23860
2023-04-29,돼지고기,kg,24529
2023-04-30,돼지고기,kg,23445
2023-05-01,돼지고기,kg,22763
2023-05-02,돼지고기,kg,23688
2023-05-03,돼지고기,kg,24245
2023-05-04,돼지고기,kg,23289
2023-05-05,돼지고기,kg,23217
2023-05-06,돼지고기,kg,24076
2023-05-07,돼지고기,kg,25227
2023-05-08,돼지고기,kg,24820
2023-05-09,돼지고기,kg,25544
2023-05-10,돼지고기,kg,26252
2023-05-11,돼지고기,kg,25708
2023-05-12,돼지고기,kg,26251
2023-05-13,돼지고기,kg,26538
2023-05-14,돼지고기,kg,27660
2023-05-15,돼지고기,kg,27985
2023-05-16,돼지고기,kg,28295
2023-05-17,돼지고기,kg,29091
2023-05-18,돼지고기,kg,27827
2023-05-19,돼지고기,kg,28494
2023-05-20,돼지고기,kg,28801
2023-05-21,돼지고기,kg,29699
2023-05-22,돼지고기,kg,31099
2023-05-23,돼지고기,kg,30429
2023-05-24,돼지고기,kg,30937
2023-05-25,돼지고기,kg,29484
2023-05-26,돼지고기,kg,30538
2023-05-27,돼지고기,kg,31366
2023-05-28,돼지고기,kg,30348
2023-05-29,돼지고기,kg,30875
2023-05-30,돼지고기,kg,32057
2023-05-31,돼지고기,kg,32908
2023-06-01,돼지고기,kg,34301
2023-06-02,돼지고기,kg,33434
2023-06-03,돼지고기,kg,34753
2023-06-04,돼지고기,kg,34507
2023-06-05,돼지고기,kg,34716
2023-06-06,돼지고기,kg,34093
2023-06-07,돼지고기,kg,34174
2023-06-08,돼지고기,kg,33411
2023-06-09,돼지고기,kg,34790
2023-06-10,돼지고기,kg,35153
2023-06-11,돼지고기,kg,34346
2023-06-12,돼지고기,kg,35820
2023-06-13,돼지고기,kg,34697
2023-06-14,돼지고기,kg,35380
2023-06-15,돼지고기,kg,36015
2023-06-16,돼지고기,kg,34973
2023-06-17,돼지고기,kg,35511
2023-06-18,돼지고기,kg,36217
2023-06-19,돼지고기,kg,34869
2023-06-20,돼지고기,kg,34647
2023-06-21,돼지고기,kg,33668
2023-06-22,돼지고기,kg,34093
2023-06-23,돼지고기,kg,34881
2023-06-24,돼지고기,kg,35780
2023-06-25,돼지고기,kg,37002
2023-06-26,돼지고기,kg,37421
2023-06-27,돼지고기,kg,38038
2023-06-28,돼지고기,kg,37048
2023-06-29,돼지고기,kg,37405
2023-06-30,돼지고기,kg,37360
2023-07-01,돼지고기,kg,39521
2023-07-02,돼지고기,kg,41447
2023-07-03,돼지고기,kg,42848
2023-07-04,돼지고기,kg,42477
2023-07-05,돼지고기,kg,42355
2023-07-06,돼지고기,kg,43030
2023-07-07,돼지고기,kg,43239
2023-07-08,돼지고기,kg,44068
2023-07-09,돼지고기,kg,44889
2023-07-10,돼지고기,kg,47179
2023-07-11,돼지고기,kg,46630
2023-07-12,돼지고기,kg,47118
2023-07-13,돼지고기,kg,47915
2023-07-14,돼지고기,kg,48942
2023-07-15,돼지고기,kg,49675
2023-07-16,돼지고기,kg,52325
2023-07-17,돼지고기,kg,53384
2023-07-18,돼지고기,kg,54460
2023-07-19,돼지고기,kg,53881
2023-07-20,돼지고기,kg,55280
2023-07-21,돼지고기,kg,58758
2023-07-22,돼지고기,kg,57675
2023-07-23,돼지고기,kg,58495
2023-07-24,돼지고기,kg,61078
2023-07-25,돼지고기,kg,64185
2023-07-26,돼지고기,kg,66040
2023-07-27,돼지고기,kg,68124
2023-07-28,돼지고기,kg,73455
2023-07-29,돼지고기,kg,79110
2023-07-30,돼지고기,kg,80063
2023-07-31,돼지고기,kg,86120
2023-08-01,돼지고기,kg,87613
2023-08-02,돼지고기,kg,88931
2023-08-03,돼지고기,kg,87427
2023-08-04,돼지고기,kg,87924
2023-08-05,돼지고기,kg,87321
2023-08-06,돼지고기,kg,89565
2023-08-07,돼지고기,kg,94513
2023-08-08,돼지고기,kg,96047
2023-08-09,돼지고기,kg,101525
2023-08-10,돼지고기,kg,106013
2023-08-11,돼지고기,kg,111212
2023-08-12,돼지고기,kg,110215
2023-08-13,돼지고기,kg,109736
2023-08-14,돼지고기,kg,109827
2023-08-15,돼지고기,kg,107678
2023-08-16,돼지고기,kg,114664
2023-08-17,돼지고기,kg,116502
2023-08-18,돼지고기,kg,125038
2023-08-19,돼지고기,kg,133549
2023-08-20,돼지고기,kg,138670
2023-08-21,돼지고기,kg,144385
2023-08-22,돼지고기,kg,143077
2023-08-23,돼지고기,kg,144246
2023-08-24,돼지고기,kg,142281
2023-08-25,돼지고기,kg,143048
2023-08-26,돼지고기,kg,150993
2023-08-27,돼지고기,kg,150114
2023-08-28,돼지고기,kg,156353
2023-08-29,돼지고기,kg,156794
2023-08-30,돼지고기,kg,155358
2023-08-31,돼지고기,kg,163369
2023-09-01,돼지고기,kg,162107
2023-09-02,돼지고기,kg,166075
2023-09-03,돼지고기,kg,172958
2023-09-04,돼지고기,kg,175065
2023-09-05,돼지고기,kg,180844
2023-09-06,돼지고기,kg,180370
2023-09-07,돼지고기,kg,181637
2023-09-08,돼지고기,kg,184261
2023-09-09,돼지고기,kg,177625
2023-09-10,돼지고기,kg,172729
2023-09-11,돼지고기,kg,180372
2023-09-12,돼지고기,kg,188390
2023-09-13,돼지고기,kg,191609
2023-09-14,돼지고기,kg,197197
2023-09-15,돼지고기,kg,198996
2023-09-16,돼지고기,kg,195328
2023-09-17,돼지고기,kg,196631
2023-09-18,돼지고기,kg,203536
2023-09-19,돼지고기,kg,194427
2023-09-20,돼지고기,kg,191844
2023-09-21,돼지고기,kg,183567
2023-09-22,돼지고기,kg,177566
2023-09-23,돼지고기,kg,177567
2023-09-24,돼지고기,kg,178219
2023-09-25,돼지고기,kg,179905
2023-09-26,돼지고기,kg,178339
2023-09-27,돼지고기,kg,187034
2023-09-28,돼지고기,kg,190057
2023-09-29,돼지고기,kg,194348
2023-09-30,돼지고기,kg,202278
2023-10-01,돼지고기,kg,206153
2023-10-02,돼지고기,kg,212270
2023-10-03,돼지고기,kg,210089
2023-10-04,돼지고기,kg,216148
2023-10-05,돼지고기,kg,209811
2023-10-06,돼지고기,kg,204964
2023-10-07,돼지고기,kg,210132
2023-10-08,돼지고기,kg,201461
2023-10-09,돼지고기,kg,204672
2023-10-10,돼지고기,kg,210276
2023-10-11,돼지고기,kg,204236
2023-10-12,돼지고기,kg,210750
2023-10-13,돼지고기,kg,201446
2023-10-14,돼지고기,kg,192382
2023-10-15,돼지고기,kg,200297
2023-10-16,돼지고기,kg,206598
2023-10-17,돼지고기,kg,204707
2023-10-18,돼지고기,kg,204839
2023-10-19,돼지고기,kg,201893
2023-10-20,돼지고기,kg,205598
2023-10-21,돼지고기,kg,215765
2023-10-22,돼지고기,kg,219331
2023-10-23,돼지고기,kg,225384
2023-10-24,돼지고기,kg,220550
2023-10-25,돼지고기,kg,224156
2023-10-26,돼지고기,kg,219749
2023-10-27,돼지고기,kg,209429
2023-10-28,돼지고기,kg,211307
2023-10-29,돼지고기,kg,201051
2023-10-30,돼지고기,kg,203731
2023-10-31,돼지고기,kg,194321
2023-11-01,돼지고기,kg,198635
2023-11-02,돼지고기,kg,195669
2023-11-03,돼지고기,kg,203539
2023-11-04,돼지고기,kg,211363
2023-11-05,돼지고기,kg,203428
2023-11-06,돼지고기,kg,196288
2023-11-07,돼지고기,kg,205760
2023-11-08,돼지고기,kg,213071
2023-11-09,돼지고기,kg,203176
2023-11-10,돼지고기,kg,202390
2023-11-11,돼지고기,kg,199391
2023-11-12,돼지고기,kg,194771
2023-11-13,돼지고기,kg,195454
2023-11-14,돼지고기,kg,202686
2023-11-15,돼지고기,kg,197933
2023-11-16,돼지고기,kg,206530
2023-11-17,돼지고기,kg,201959
2023-11-18,돼지고기,kg,201628
2023-11-19,돼지고기,kg,195300
2023-11-20,돼지고기,kg,200340
2023-11-21,돼지고기,kg,191832
2023-11-22,돼지고기,kg,187858
2023-11-23,돼지고기,kg,189857
2023-11-24,돼지고기,kg,195266
2023-11-25,돼지고기,kg,187831
2023-11-26,돼지고기,kg,180724
2023-11-27,돼지고기,kg,181566
2023-11-28,돼지고기,kg,184191
2023-11-29,돼지고기,kg,179662
2023-11-30,돼지고기,kg,179358
2023-12-01,돼지고기,kg,173869
2023-12-02,돼지고기,kg,179324
2023-12-03,돼지고기,kg,170867
2023-12-04,돼지고기,kg,165064
2023-12-05,돼지고기,kg,166901
2023-12-06,돼지고기,kg,171902
2023-12-07,돼지고기,kg,179968
2023-12-08,돼지고기,kg,177119
2023-12-09,돼지고기,kg,169860
2023-12-10,돼지고기,kg,172304
2023-12-11,돼지고기,kg,163933
2023-12-12,돼지고기,kg,164263
2023-12-13,돼지고기,kg,168749
2023-12-14,돼지고기,kg,169444
2023-12-15,돼지고기,kg,166792
2023-12-16,돼지고기,kg,171956
2023-12-17,돼지고기,kg,179583
2023-12-18,돼지고기,kg,171831
2023-12-19,돼지고기,kg,168119
2023-12-20,돼지고기,kg,171924
2023-12-21,돼지고기,kg,164087
2023-12-22,돼지고기,kg,169009
2023-12-23,돼지고기,kg,163039
2023-12-24,돼지고기,kg,162689
2023-12-25,돼지고기,kg,169310
2023-12-26,돼지고기,kg,174636
2023-12-27,돼지고기,kg,166212
2023-12-28,돼지고기,kg,172210
2023-12-29,돼지고기,kg,165516
2023-12-30,돼지고기,kg,160108
2023-12-31,돼지고기,kg,164159
